# mean,stddev
0.30607231768562737,0.2922926608214981
