# mean,stddev
0.36347543483418077,0.31660620702737385
