# mean,stddev
0.31294764053072116,0.2966506224947586
