# mean,stddev
0.24051732855689928,0.26759551978384266
