# mean,stddev
0.3554629269373736,0.3095890398925414
