# mean,stddev
0.3405904563360715,0.3072636565414052
