# mean,stddev
0.3576157271330236,0.3124328382691971
