# mean,stddev
0.34204879312505976,0.31082278497951565
