# mean,stddev
0.309999796531861,0.2941599773703789
